Tracks,Name,Checked-In,Email,Username,,Password
AI/ML,Ada Lovelace,TRUE,ada@example.com,AdaLovelace,,1111
Analytics,"Chen, Jr., Wei",TRUE,wei.chen@example.com,WeiChen,,2222
Cloud,Grace Hopper,TRUE,grace@example.com,GraceHopper,,3333
AI/ML,Alan Turing,TRUE,Bletchley,AlanTuring,,4444
Analytics,Katherine Johnson,TRUE,,KatherineJohnson,,5555
Cloud,Radia Perlman,FALSE,radia@example.com,,,6666
DataBricks Challenge,Sponsor Judge,TRUE,sponsor@example.com,SponsorJudge,,7777
UI/UX & Web Dev,Not On Roster,TRUE,NOT.on.Roster@Example.COM,NotOnRoster,,8888
,,FALSE,,,,
