Project Title,Table Number,tracks,What's The First Track You'd Like To Submit To?,What's The Second Track You'd Like To Submit To?
Ago,1,"Data Analytics, Machine Learning & Bio-AI",Data Analytics,Machine Learning & Bio-AI
AI Plant Companion,2,Entrepreneurship & Product Management, Hardware & IoT,Entrepreneurship & Product Management Hardware & IoT,
Solo Track,3,Cloud Development,Cloud Development,
ㄖ,4,Economics,Economics,
Bad Table,not-a-number,Economics,Economics,
Ago,6,Economics,Economics,
,7,Economics,Economics,
Trackless,8,,,
Table Clash,1,Economics,Economics,
